latitude,longitude,brightness,scan,track,acquisition_date,acq_time,satellite,instrument,confidence,version,bright_ti5,frp,daynight,confidence_raw,acquisition_time
28.80681,71.14798,333.4,0.53,0.67,2026-08-26,911,N21,VIIRS,70,2.0NRT,297.69,2.24,D,n,0911
21.10424,72.64529,332.55,0.55,0.68,2026-08-26,909,N21,VIIRS,70,2.0NRT,288.95,7.18,D,n,0909
21.10633,72.64521,332.78,0.55,0.68,2026-08-26,909,N21,VIIRS,70,2.0NRT,288.69,6.43,D,n,0909
21.10038,72.63611,334.04,0.61,0.71,2026-08-26,731,N21,VIIRS,70,2.0NRT,287.11,6.31,D,n,0731
29.33118,70.35696,330.0,0.54,0.68,2026-08-26,731,N21,VIIRS,70,2.0NRT,298.5,2.09,D,n,0731
29.64449,71.71342,330.87,0.44,0.62,2026-08-26,731,N21,VIIRS,70,2.0NRT,296.26,2.84,D,n,0731
29.76768,72.25974,348.33,0.41,0.6,2026-08-26,731,N21,VIIRS,70,2.0NRT,297.98,8.22,D,n,0731
29.76867,72.26379,333.72,0.41,0.6,2026-08-26,731,N21,VIIRS,70,2.0NRT,297.6,6.15,D,n,0731
30.34867,74.23013,338.78,0.6,0.53,2026-08-26,731,N21,VIIRS,70,2.0NRT,299.85,6.85,D,n,0731
30.64766,73.95101,334.29,0.62,0.54,2026-08-26,731,N21,VIIRS,70,2.0NRT,299.95,6.69,D,n,0731
30.65028,73.94928,332.22,0.62,0.54,2026-08-26,731,N21,VIIRS,70,2.0NRT,299.86,6.71,D,n,0731
30.89061,73.20031,330.44,0.34,0.56,2026-08-26,731,N21,VIIRS,30,2.0NRT,304.85,7.27,D,l,0731
31.6122,72.50623,331.82,0.36,0.57,2026-08-26,731,N21,VIIRS,70,2.0NRT,297.45,1.45,D,n,0731
31.62439,72.42012,331.17,0.36,0.57,2026-08-26,731,N21,VIIRS,70,2.0NRT,296.93,2.94,D,n,0731
33.26753,71.30682,333.29,0.38,0.59,2026-08-26,731,N21,VIIRS,70,2.0NRT,296.65,1.67,D,n,0731
15.62259,79.18162,334.29,0.59,0.53,2026-08-26,729,N21,VIIRS,70,2.0NRT,292.53,6.57,D,n,0729
15.62631,79.17872,330.99,0.59,0.53,2026-08-26,729,N21,VIIRS,70,2.0NRT,291.27,4.14,D,n,0729
16.40067,79.36681,335.24,0.55,0.51,2026-08-26,729,N21,VIIRS,70,2.0NRT,293.52,8.29,D,n,0729
16.83534,79.16514,330.52,0.56,0.51,2026-08-26,729,N21,VIIRS,70,2.0NRT,291.87,3.28,D,n,0729
17.60913,83.20387,331.24,0.47,0.4,2026-08-26,729,N21,VIIRS,30,2.0NRT,296.24,9.96,D,l,0729
21.67331,84.0409,329.78,0.4,0.37,2026-08-26,729,N21,VIIRS,30,2.0NRT,295.02,4.73,D,l,0729
21.67999,84.03966,332.83,0.4,0.37,2026-08-26,729,N21,VIIRS,30,2.0NRT,296.61,9.21,D,l,0729
22.21023,84.86258,331.63,0.39,0.36,2026-08-26,729,N21,VIIRS,70,2.0NRT,293.69,3.63,D,n,0729
22.21333,84.83915,330.66,0.39,0.36,2026-08-26,729,N21,VIIRS,70,2.0NRT,291.48,2.79,D,n,0729
22.21391,84.84286,330.93,0.39,0.36,2026-08-26,729,N21,VIIRS,70,2.0NRT,291.89,3.38,D,n,0729
22.21468,84.8694,334.29,0.39,0.36,2026-08-26,729,N21,VIIRS,70,2.0NRT,293.07,5.23,D,n,0729
8.22948,80.75656,331.79,0.62,0.54,2026-08-26,726,N21,VIIRS,70,2.0NRT,286.42,8.01,D,n,0726
8.23048,80.7622,332.97,0.62,0.54,2026-08-26,726,N21,VIIRS,70,2.0NRT,287.73,8.01,D,n,0726
8.24221,80.80006,339.73,0.62,0.54,2026-08-26,726,N21,VIIRS,70,2.0NRT,289.42,17.43,D,n,0726
8.37619,81.05578,342.02,0.59,0.53,2026-08-26,726,N21,VIIRS,70,2.0NRT,282.19,19.03,D,n,0726
8.40903,80.51687,332.19,0.32,0.55,2026-08-26,726,N21,VIIRS,70,2.0NRT,286.87,3.13,D,n,0726
8.40953,80.51969,335.49,0.32,0.55,2026-08-26,726,N21,VIIRS,70,2.0NRT,287.25,3.13,D,n,0726
8.4115,81.06059,331.68,0.59,0.53,2026-08-26,726,N21,VIIRS,70,2.0NRT,288.35,5.23,D,n,0726
8.47969,80.36192,332.81,0.33,0.55,2026-08-26,726,N21,VIIRS,70,2.0NRT,284.05,10.08,D,n,0726
8.48021,80.36486,355.46,0.33,0.55,2026-08-26,726,N21,VIIRS,30,2.0NRT,283.93,10.44,D,l,0726
8.67752,80.97379,329.78,0.59,0.53,2026-08-26,726,N21,VIIRS,70,2.0NRT,291.95,5.94,D,n,0726
8.84246,80.37051,367.0,0.32,0.55,2026-08-26,726,N21,VIIRS,95,2.0NRT,290.49,7.96,D,h,0726
8.85957,80.99957,340.35,0.58,0.52,2026-08-26,726,N21,VIIRS,70,2.0NRT,293.58,11.11,D,n,0726
8.9117,80.47472,338.16,0.63,0.54,2026-08-26,726,N21,VIIRS,70,2.0NRT,289.9,11.6,D,n,0726
9.23741,80.32394,332.77,0.32,0.55,2026-08-26,726,N21,VIIRS,70,2.0NRT,290.25,1.76,D,n,0726
9.27424,80.15481,330.55,0.33,0.55,2026-08-26,726,N21,VIIRS,70,2.0NRT,289.88,2.74,D,n,0726
9.34347,80.16696,346.15,0.33,0.55,2026-08-26,726,N21,VIIRS,70,2.0NRT,290.17,6.12,D,n,0726
9.39075,78.88336,336.06,0.4,0.6,2026-08-26,726,N21,VIIRS,70,2.0NRT,291.74,2.89,D,n,0726
9.43175,80.37721,330.8,0.63,0.54,2026-08-26,726,N21,VIIRS,70,2.0NRT,291.89,7.51,D,n,0726
9.44243,80.49594,331.63,0.62,0.54,2026-08-26,726,N21,VIIRS,70,2.0NRT,293.33,5.77,D,n,0726
9.45457,80.4912,333.31,0.62,0.54,2026-08-26,726,N21,VIIRS,70,2.0NRT,292.57,16.03,D,n,0726
9.45557,80.49669,340.96,0.62,0.54,2026-08-26,726,N21,VIIRS,70,2.0NRT,293.67,16.03,D,n,0726
9.45706,80.49337,343.5,0.62,0.54,2026-08-26,726,N21,VIIRS,70,2.0NRT,293.49,18.95,D,n,0726
10.38894,79.17622,330.34,0.37,0.58,2026-08-26,726,N21,VIIRS,70,2.0NRT,292.83,5.0,D,n,0726
11.74077,78.97653,347.16,0.36,0.57,2026-08-26,726,N21,VIIRS,70,2.0NRT,294.02,3.99,D,n,0726
11.7447,79.05466,333.07,0.35,0.57,2026-08-26,726,N21,VIIRS,70,2.0NRT,295.21,1.51,D,n,0726
25.38863,68.58158,306.01,0.51,0.66,2026-08-25,2155,N21,VIIRS,70,2.0NRT,293.37,1.3,N,n,2155
32.28815,70.73901,306.06,0.47,0.64,2026-08-25,2153,N21,VIIRS,70,2.0NRT,291.82,2.98,N,n,2153
32.2905,70.73008,307.36,0.47,0.64,2026-08-25,2153,N21,VIIRS,70,2.0NRT,292.17,2.43,N,n,2153
32.57438,72.56441,305.96,0.59,0.7,2026-08-25,2153,N21,VIIRS,70,2.0NRT,294.76,4.23,N,n,2153
32.8867,71.61327,307.74,0.51,0.66,2026-08-25,2153,N21,VIIRS,70,2.0NRT,294.71,4.94,N,n,2153
32.88909,71.61375,307.47,0.51,0.66,2026-08-25,2153,N21,VIIRS,70,2.0NRT,295.24,4.25,N,n,2153
33.29698,71.18508,307.31,0.47,0.64,2026-08-25,2153,N21,VIIRS,70,2.0NRT,292.49,1.45,N,n,2153
8.00698,81.31441,297.25,0.51,0.41,2026-08-25,2019,N21,VIIRS,70,2.0NRT,266.48,0.49,N,n,2019
8.01072,81.31505,306.94,0.51,0.41,2026-08-25,2019,N21,VIIRS,70,2.0NRT,266.03,1.11,N,n,2019
10.77575,78.88298,305.38,0.39,0.36,2026-08-25,2019,N21,VIIRS,70,2.0NRT,283.61,1.6,N,n,2019
11.26698,80.00464,305.21,0.41,0.37,2026-08-25,2019,N21,VIIRS,70,2.0NRT,275.28,1.48,N,n,2019
12.2171,79.00295,299.01,0.39,0.36,2026-08-25,2019,N21,VIIRS,70,2.0NRT,272.29,0.9,N,n,2019
12.91749,79.11784,304.36,0.39,0.36,2026-08-25,2019,N21,VIIRS,70,2.0NRT,281.42,0.7,N,n,2019
17.95628,80.79455,329.1,0.39,0.36,2026-08-25,2019,N21,VIIRS,70,2.0NRT,292.45,5.23,N,n,2019
17.95747,80.7872,309.77,0.39,0.36,2026-08-25,2019,N21,VIIRS,70,2.0NRT,291.44,3.33,N,n,2019
19.82038,79.23856,322.73,0.39,0.36,2026-08-25,2019,N21,VIIRS,70,2.0NRT,286.31,1.6,N,n,2019
20.91191,71.45881,305.05,0.33,0.55,2026-08-25,2019,N21,VIIRS,70,2.0NRT,290.37,0.96,N,n,2019
15.02118,78.01533,305.27,0.39,0.36,2026-08-25,2017,N21,VIIRS,70,2.0NRT,286.28,0.71,N,n,2017
15.02173,78.0117,302.82,0.39,0.36,2026-08-25,2017,N21,VIIRS,70,2.0NRT,285.54,0.71,N,n,2017
15.17156,76.69174,316.27,0.42,0.38,2026-08-25,2017,N21,VIIRS,70,2.0NRT,291.73,2.76,N,n,2017
15.1733,76.65583,308.24,0.43,0.38,2026-08-25,2017,N21,VIIRS,70,2.0NRT,290.83,2.56,N,n,2017
15.17445,77.10182,308.87,0.41,0.37,2026-08-25,2017,N21,VIIRS,70,2.0NRT,292.14,1.05,N,n,2017
15.17503,76.69223,311.77,0.42,0.38,2026-08-25,2017,N21,VIIRS,70,2.0NRT,290.27,2.07,N,n,2017
15.17676,76.65635,320.65,0.43,0.38,2026-08-25,2017,N21,VIIRS,70,2.0NRT,291.17,2.56,N,n,2017
15.17734,76.65241,311.91,0.43,0.38,2026-08-25,2017,N21,VIIRS,70,2.0NRT,290.79,3.24,N,n,2017
15.17786,77.10236,309.04,0.41,0.37,2026-08-25,2017,N21,VIIRS,70,2.0NRT,292.29,1.05,N,n,2017
15.18196,76.66917,306.06,0.43,0.38,2026-08-25,2017,N21,VIIRS,70,2.0NRT,287.83,2.35,N,n,2017
15.18253,76.66524,319.43,0.43,0.38,2026-08-25,2017,N21,VIIRS,70,2.0NRT,286.59,2.35,N,n,2017
15.18715,76.6579,302.1,0.43,0.38,2026-08-25,2017,N21,VIIRS,70,2.0NRT,288.92,2.19,N,n,2017
15.22395,76.76291,305.15,0.42,0.38,2026-08-25,2017,N21,VIIRS,70,2.0NRT,292.43,1.23,N,n,2017
15.65657,73.98945,298.34,0.39,0.44,2026-08-25,2017,N21,VIIRS,70,2.0NRT,286.54,1.7,N,n,2017
15.68491,78.45717,305.93,0.39,0.36,2026-08-25,2017,N21,VIIRS,70,2.0NRT,291.89,2.33,N,n,2017
17.46485,80.65231,308.11,0.39,0.36,2026-08-25,2017,N21,VIIRS,70,2.0NRT,286.21,1.05,N,n,2017
18.57603,72.24243,338.81,0.55,0.51,2026-08-25,2017,N21,VIIRS,70,2.0NRT,291.05,9.74,N,n,2017
18.57661,72.23722,304.93,0.55,0.51,2026-08-25,2017,N21,VIIRS,70,2.0NRT,291.09,7.67,N,n,2017
18.57851,72.24107,334.45,0.55,0.51,2026-08-25,2017,N21,VIIRS,70,2.0NRT,290.87,10.27,N,n,2017
18.67913,73.0365,304.98,0.49,0.49,2026-08-25,2017,N21,VIIRS,70,2.0NRT,290.52,4.0,N,n,2017
18.69194,73.04287,307.97,0.49,0.49,2026-08-25,2017,N21,VIIRS,70,2.0NRT,291.16,2.48,N,n,2017
18.69251,73.03823,306.34,0.49,0.49,2026-08-25,2017,N21,VIIRS,70,2.0NRT,291.2,3.2,N,n,2017
18.80414,74.25832,314.73,0.41,0.45,2026-08-25,2017,N21,VIIRS,70,2.0NRT,290.13,1.88,N,n,2017
21.18102,81.38407,309.56,0.39,0.36,2026-08-25,2017,N21,VIIRS,70,2.0NRT,290.28,2.19,N,n,2017
21.18432,81.38468,308.6,0.39,0.36,2026-08-25,2017,N21,VIIRS,70,2.0NRT,290.35,1.61,N,n,2017
21.18644,81.39273,307.39,0.39,0.36,2026-08-25,2017,N21,VIIRS,70,2.0NRT,290.17,2.81,N,n,2017
21.19034,81.38962,306.42,0.39,0.36,2026-08-25,2017,N21,VIIRS,70,2.0NRT,289.59,1.27,N,n,2017
21.19039,81.19882,308.46,0.39,0.36,2026-08-25,2017,N21,VIIRS,70,2.0NRT,290.78,1.32,N,n,2017
21.19365,81.39023,312.39,0.39,0.36,2026-08-25,2017,N21,VIIRS,70,2.0NRT,290.55,1.27,N,n,2017
21.19608,81.41749,317.2,0.39,0.36,2026-08-25,2017,N21,VIIRS,70,2.0NRT,289.77,1.76,N,n,2017
21.24484,81.76915,304.63,0.4,0.37,2026-08-25,2017,N21,VIIRS,70,2.0NRT,289.61,1.21,N,n,2017
21.31093,81.59187,307.1,0.39,0.36,2026-08-25,2017,N21,VIIRS,70,2.0NRT,290.05,1.29,N,n,2017
21.36512,81.67917,306.52,0.39,0.36,2026-08-25,2017,N21,VIIRS,70,2.0NRT,289.6,1.98,N,n,2017
21.37116,81.68417,308.19,0.39,0.36,2026-08-25,2017,N21,VIIRS,70,2.0NRT,289.83,2.32,N,n,2017
21.37453,81.64227,309.0,0.39,0.36,2026-08-25,2017,N21,VIIRS,70,2.0NRT,289.59,2.78,N,n,2017
21.37509,81.68103,314.57,0.39,0.36,2026-08-25,2017,N21,VIIRS,70,2.0NRT,290.19,3.85,N,n,2017
21.73116,82.21548,306.81,0.4,0.37,2026-08-25,2017,N21,VIIRS,70,2.0NRT,287.73,1.19,N,n,2017
21.74682,83.84542,303.7,0.46,0.39,2026-08-25,2017,N21,VIIRS,70,2.0NRT,279.88,2.91,N,n,2017
22.35787,82.30326,311.19,0.4,0.37,2026-08-25,2017,N21,VIIRS,70,2.0NRT,264.88,1.31,N,n,2017
22.37453,87.28033,298.06,0.46,0.47,2026-08-25,2017,N21,VIIRS,70,2.0NRT,274.56,1.31,N,n,2017
22.37963,87.27699,300.96,0.46,0.47,2026-08-25,2017,N21,VIIRS,70,2.0NRT,278.05,1.96,N,n,2017
23.16317,82.34101,299.79,0.4,0.37,2026-08-25,2017,N21,VIIRS,70,2.0NRT,265.73,0.75,N,n,2017
23.16381,82.33716,304.82,0.4,0.37,2026-08-25,2017,N21,VIIRS,70,2.0NRT,266.63,1.46,N,n,2017
23.16651,82.34164,303.04,0.4,0.37,2026-08-25,2017,N21,VIIRS,70,2.0NRT,266.14,0.75,N,n,2017
23.55735,87.24048,308.03,0.43,0.46,2026-08-25,2017,N21,VIIRS,70,2.0NRT,279.43,1.85,N,n,2017
25.38893,68.58054,311.86,0.57,0.69,2026-08-25,2017,N21,VIIRS,70,2.0NRT,293.19,1.79,N,n,2017
25.94452,72.18851,300.18,0.34,0.56,2026-08-25,2017,N21,VIIRS,70,2.0NRT,277.97,0.85,N,n,2017
26.75887,83.20107,310.96,0.4,0.37,2026-08-25,2017,N21,VIIRS,70,2.0NRT,289.53,1.19,N,n,2017
28.70671,76.85614,306.17,0.39,0.44,2026-08-25,2014,N21,VIIRS,70,2.0NRT,283.28,1.35,N,n,2014
32.28836,70.73839,305.84,0.49,0.65,2026-08-25,2014,N21,VIIRS,70,2.0NRT,292.43,3.61,N,n,2014
32.57328,72.56335,308.28,0.38,0.59,2026-08-25,2014,N21,VIIRS,70,2.0NRT,297.18,3.72,N,n,2014
32.88705,71.61514,310.57,0.44,0.62,2026-08-25,2014,N21,VIIRS,70,2.0NRT,295.7,3.47,N,n,2014
32.88852,71.61688,312.05,0.44,0.62,2026-08-25,2014,N21,VIIRS,70,2.0NRT,295.76,3.6,N,n,2014
33.29874,71.18465,308.53,0.47,0.64,2026-08-25,2014,N21,VIIRS,70,2.0NRT,294.38,1.32,N,n,2014
33.68745,72.71075,306.46,0.38,0.59,2026-08-25,2014,N21,VIIRS,70,2.0NRT,294.21,1.07,N,n,2014
35.96521,68.68641,302.37,0.68,0.74,2026-08-25,2014,N21,VIIRS,70,2.0NRT,292.3,2.36,N,n,2014
31.52843,72.1685,336.48,0.4,0.44,2026-08-25,752,N21,VIIRS,70,2.0NRT,300.67,4.69,D,n,0752
32.57521,72.5605,330.78,0.55,0.43,2026-08-25,752,N21,VIIRS,30,2.0NRT,305.31,4.29,D,l,0752
33.2961,71.18419,333.97,0.42,0.45,2026-08-25,752,N21,VIIRS,30,2.0NRT,308.36,3.1,D,l,0752
29.91653,72.49918,338.99,0.41,0.45,2026-08-25,750,N21,VIIRS,70,2.0NRT,306.11,3.52,D,n,0750
29.93404,71.85775,341.27,0.45,0.47,2026-08-25,750,N21,VIIRS,70,2.0NRT,301.34,5.89,D,n,0750
29.93823,71.85663,341.02,0.45,0.47,2026-08-25,750,N21,VIIRS,70,2.0NRT,301.42,5.82,D,n,0750
30.01711,72.55633,343.44,0.41,0.45,2026-08-25,750,N21,VIIRS,70,2.0NRT,305.22,15.29,D,n,0750
30.46405,71.92369,339.0,0.43,0.46,2026-08-25,750,N21,VIIRS,70,2.0NRT,300.42,6.25,D,n,0750
30.52602,71.56512,330.17,0.45,0.47,2026-08-25,750,N21,VIIRS,70,2.0NRT,298.79,4.14,D,n,0750
15.14153,76.96049,331.71,0.41,0.45,2026-08-25,746,N21,VIIRS,70,2.0NRT,289.56,1.82,D,n,0746
8.3808,81.04868,335.57,0.45,0.39,2026-08-25,744,N21,VIIRS,30,2.0NRT,289.82,11.6,D,l,0744
8.42284,80.19805,333.02,0.5,0.41,2026-08-25,744,N21,VIIRS,70,2.0NRT,290.25,3.15,D,n,0744
19.93503,73.71155,317.95,0.4,0.37,2026-08-24,2036,N21,VIIRS,70,2.0NRT,290.33,2.2,N,n,2036
20.91008,71.45858,304.73,0.51,0.41,2026-08-24,2036,N21,VIIRS,70,2.0NRT,291.81,1.97,N,n,2036
21.1006,72.63942,303.78,0.45,0.39,2026-08-24,2036,N21,VIIRS,70,2.0NRT,284.69,6.84,N,n,2036
21.1012,72.63512,343.9,0.45,0.39,2026-08-24,2036,N21,VIIRS,70,2.0NRT,286.91,6.84,N,n,2036
21.10295,72.64854,306.06,0.45,0.39,2026-08-24,2036,N21,VIIRS,70,2.0NRT,287.19,5.21,N,n,2036
21.10355,72.64426,333.39,0.45,0.39,2026-08-24,2036,N21,VIIRS,70,2.0NRT,286.73,5.21,N,n,2036
21.10415,72.63996,305.3,0.45,0.39,2026-08-24,2036,N21,VIIRS,70,2.0NRT,285.08,1.32,N,n,2036
21.10475,72.63566,311.84,0.45,0.39,2026-08-24,2036,N21,VIIRS,70,2.0NRT,286.77,1.32,N,n,2036
21.10649,72.64909,309.21,0.45,0.39,2026-08-24,2036,N21,VIIRS,70,2.0NRT,287.92,5.21,N,n,2036
21.1071,72.6448,333.63,0.45,0.39,2026-08-24,2036,N21,VIIRS,70,2.0NRT,286.64,5.21,N,n,2036
21.1077,72.6405,305.03,0.45,0.39,2026-08-24,2036,N21,VIIRS,70,2.0NRT,286.38,1.32,N,n,2036
21.1083,72.63621,314.67,0.45,0.39,2026-08-24,2036,N21,VIIRS,70,2.0NRT,287.72,1.32,N,n,2036
21.11155,72.63502,306.84,0.45,0.39,2026-08-24,2036,N21,VIIRS,70,2.0NRT,285.95,2.62,N,n,2036
21.11185,72.63676,305.79,0.45,0.39,2026-08-24,2036,N21,VIIRS,70,2.0NRT,286.44,2.38,N,n,2036
22.33921,69.8703,309.15,0.43,0.46,2026-08-24,2036,N21,VIIRS,70,2.0NRT,293.54,2.69,N,n,2036
22.33969,69.86611,315.85,0.43,0.46,2026-08-24,2036,N21,VIIRS,70,2.0NRT,294.07,2.69,N,n,2036
22.34017,69.86192,307.83,0.44,0.46,2026-08-24,2036,N21,VIIRS,70,2.0NRT,293.93,3.82,N,n,2036
22.34343,69.87085,313.73,0.43,0.46,2026-08-24,2036,N21,VIIRS,70,2.0NRT,293.41,7.01,N,n,2036
22.34392,69.86665,339.9,0.43,0.46,2026-08-24,2036,N21,VIIRS,70,2.0NRT,293.84,7.01,N,n,2036
22.3444,69.86245,308.11,0.44,0.46,2026-08-24,2036,N21,VIIRS,70,2.0NRT,293.06,2.37,N,n,2036
22.93092,69.6974,305.22,0.45,0.47,2026-08-24,2036,N21,VIIRS,70,2.0NRT,293.62,1.29,N,n,2036
22.93522,69.69798,309.2,0.45,0.47,2026-08-24,2036,N21,VIIRS,70,2.0NRT,293.68,1.47,N,n,2036
23.31523,70.48663,306.28,0.41,0.45,2026-08-24,2036,N21,VIIRS,70,2.0NRT,294.42,1.6,N,n,2036
22.36615,87.01677,304.84,0.44,0.62,2026-08-24,2034,N21,VIIRS,70,2.0NRT,285.86,2.41,N,n,2034
22.36633,87.30431,305.57,0.46,0.63,2026-08-24,2034,N21,VIIRS,70,2.0NRT,287.65,1.78,N,n,2034
22.3673,87.3,308.18,0.46,0.63,2026-08-24,2034,N21,VIIRS,70,2.0NRT,288.31,2.55,N,n,2034
22.36792,87.30201,304.48,0.46,0.63,2026-08-24,2034,N21,VIIRS,70,2.0NRT,287.91,1.87,N,n,2034
22.37782,87.28007,329.41,0.45,0.63,2026-08-24,2034,N21,VIIRS,70,2.0NRT,288.78,6.44,N,n,2034
22.37859,87.28209,315.76,0.45,0.63,2026-08-24,2034,N21,VIIRS,70,2.0NRT,288.26,3.83,N,n,2034
22.37879,87.27578,304.5,0.45,0.63,2026-08-24,2034,N21,VIIRS,70,2.0NRT,288.0,3.39,N,n,2034
22.37958,87.27782,319.11,0.45,0.63,2026-08-24,2034,N21,VIIRS,70,2.0NRT,288.07,3.83,N,n,2034
23.5561,87.23985,302.88,0.43,0.62,2026-08-24,2034,N21,VIIRS,70,2.0NRT,277.95,1.0,N,n,2034
23.66204,87.15504,306.74,0.42,0.61,2026-08-24,2034,N21,VIIRS,70,2.0NRT,277.33,2.54,N,n,2034
23.6974,85.3561,298.78,0.32,0.55,2026-08-24,2034,N21,VIIRS,70,2.0NRT,286.16,0.9,N,n,2034
23.69767,85.35781,302.44,0.32,0.55,2026-08-24,2034,N21,VIIRS,70,2.0NRT,286.23,1.08,N,n,2034
25.38647,68.58344,310.7,0.57,0.52,2026-08-24,2034,N21,VIIRS,70,2.0NRT,293.4,2.58,N,n,2034
25.94196,72.19294,305.95,0.53,0.42,2026-08-24,2034,N21,VIIRS,70,2.0NRT,294.78,1.97,N,n,2034
26.09396,68.87734,306.4,0.56,0.51,2026-08-24,2034,N21,VIIRS,70,2.0NRT,295.01,0.95,N,n,2034
26.25869,74.09478,306.44,0.44,0.38,2026-08-24,2034,N21,VIIRS,70,2.0NRT,293.61,1.29,N,n,2034
27.21968,86.62115,300.95,0.33,0.55,2026-08-24,2034,N21,VIIRS,70,2.0NRT,278.07,0.58,N,n,2034
29.08468,88.0102,302.85,0.36,0.57,2026-08-24,2034,N21,VIIRS,70,2.0NRT,281.81,0.96,N,n,2034
29.12299,75.77946,309.56,0.41,0.37,2026-08-24,2034,N21,VIIRS,70,2.0NRT,295.69,0.55,N,n,2034
31.25072,76.92702,304.62,0.4,0.37,2026-08-24,2034,N21,VIIRS,70,2.0NRT,291.29,0.46,N,n,2034
31.32664,76.89409,303.53,0.4,0.37,2026-08-24,2034,N21,VIIRS,70,2.0NRT,291.91,0.76,N,n,2034
32.1024,74.17386,329.96,0.5,0.41,2026-08-24,2034,N21,VIIRS,70,2.0NRT,297.56,3.82,N,n,2034
32.57434,72.55949,311.64,0.4,0.45,2026-08-24,2032,N21,VIIRS,70,2.0NRT,298.82,3.98,N,n,2032
32.8867,71.61721,312.19,0.46,0.47,2026-08-24,2032,N21,VIIRS,70,2.0NRT,298.49,3.9,N,n,2032
33.27676,72.1431,307.43,0.43,0.46,2026-08-24,2032,N21,VIIRS,70,2.0NRT,296.22,1.12,N,n,2032
33.29709,71.18703,313.84,0.49,0.49,2026-08-24,2032,N21,VIIRS,70,2.0NRT,297.08,1.16,N,n,2032
33.69004,72.71039,307.68,0.41,0.45,2026-08-24,2032,N21,VIIRS,70,2.0NRT,294.99,1.65,N,n,2032
33.69108,72.85719,305.43,0.4,0.44,2026-08-24,2032,N21,VIIRS,70,2.0NRT,294.84,1.2,N,n,2032
35.96921,68.6854,306.87,0.37,0.58,2026-08-24,2032,N21,VIIRS,70,2.0NRT,294.07,1.12,N,n,2032
22.36235,87.30032,303.61,0.71,0.75,2026-08-24,1853,N21,VIIRS,70,2.0NRT,284.88,2.75,N,n,1853
22.36239,87.29989,303.55,0.71,0.75,2026-08-24,1853,N21,VIIRS,70,2.0NRT,284.66,2.58,N,n,1853
22.36675,87.01879,301.37,0.74,0.76,2026-08-24,1853,N21,VIIRS,70,2.0NRT,284.57,1.66,N,n,1853
22.37762,87.28032,313.01,0.71,0.75,2026-08-24,1853,N21,VIIRS,70,2.0NRT,284.39,3.57,N,n,1853
22.37771,87.28072,313.4,0.71,0.75,2026-08-24,1853,N21,VIIRS,70,2.0NRT,284.51,4.8,N,n,1853
22.37808,87.27341,305.13,0.71,0.75,2026-08-24,1853,N21,VIIRS,70,2.0NRT,284.62,3.57,N,n,1853
22.37821,87.27383,305.16,0.71,0.75,2026-08-24,1853,N21,VIIRS,70,2.0NRT,284.54,4.15,N,n,1853
28.32144,68.06577,335.04,0.43,0.46,2026-08-24,809,N21,VIIRS,70,2.0NRT,298.4,2.21,D,n,0809
30.69473,74.03057,333.1,0.38,0.36,2026-08-24,809,N21,VIIRS,70,2.0NRT,301.78,0.84,D,n,0809
30.69707,74.18148,335.91,0.39,0.36,2026-08-24,809,N21,VIIRS,70,2.0NRT,301.56,3.82,D,n,0809
31.25143,73.94572,345.9,0.38,0.36,2026-08-24,809,N21,VIIRS,70,2.0NRT,301.62,7.81,D,n,0809
31.30223,75.0976,331.03,0.4,0.37,2026-08-24,809,N21,VIIRS,70,2.0NRT,300.39,2.69,D,n,0809
31.99993,78.53543,342.79,0.54,0.42,2026-08-24,809,N21,VIIRS,70,2.0NRT,306.47,20.93,D,n,0809
32.57622,72.56223,333.75,0.39,0.36,2026-08-24,809,N21,VIIRS,30,2.0NRT,306.63,3.03,D,l,0809
32.88796,71.61653,336.06,0.4,0.37,2026-08-24,809,N21,VIIRS,30,2.0NRT,308.65,4.63,D,l,0809
35.50361,71.27733,334.8,0.39,0.36,2026-08-24,809,N21,VIIRS,70,2.0NRT,303.83,2.93,D,n,0809
24.86393,68.06441,336.8,0.5,0.49,2026-08-24,807,N21,VIIRS,70,2.0NRT,300.52,5.36,D,n,0807
26.0687,68.60545,330.46,0.44,0.46,2026-08-24,807,N21,VIIRS,70,2.0NRT,300.41,1.42,D,n,0807
15.17561,76.65761,342.81,0.39,0.36,2026-08-24,805,N21,VIIRS,70,2.0NRT,296.54,8.73,D,n,0805
15.18392,76.6673,336.44,0.39,0.36,2026-08-24,805,N21,VIIRS,30,2.0NRT,295.62,5.39,D,l,0805
8.03123,80.36903,334.53,0.39,0.36,2026-08-24,803,N21,VIIRS,70,2.0NRT,293.69,2.6,D,n,0803
8.04625,80.62816,331.83,0.4,0.37,2026-08-24,803,N21,VIIRS,70,2.0NRT,293.75,5.95,D,n,0803
8.04678,80.63174,333.04,0.4,0.37,2026-08-24,803,N21,VIIRS,70,2.0NRT,294.41,5.28,D,n,0803
8.16733,81.324,336.64,0.42,0.37,2026-08-24,803,N21,VIIRS,70,2.0NRT,297.52,6.69,D,n,0803
8.28506,80.13511,333.97,0.39,0.36,2026-08-24,803,N21,VIIRS,70,2.0NRT,297.8,4.77,D,n,0803
8.28601,80.23198,330.66,0.39,0.36,2026-08-24,803,N21,VIIRS,70,2.0NRT,293.54,3.69,D,n,0803
8.37994,80.63216,336.69,0.4,0.37,2026-08-24,803,N21,VIIRS,70,2.0NRT,294.47,4.15,D,n,0803
8.38476,81.13155,332.49,0.41,0.37,2026-08-24,803,N21,VIIRS,70,2.0NRT,296.61,2.52,D,n,0803
8.41145,80.25195,334.2,0.39,0.36,2026-08-24,803,N21,VIIRS,70,2.0NRT,296.32,5.44,D,n,0803
8.42442,80.75407,332.42,0.4,0.37,2026-08-24,803,N21,VIIRS,70,2.0NRT,300.32,3.56,D,n,0803
8.43308,80.48814,342.2,0.4,0.37,2026-08-24,803,N21,VIIRS,70,2.0NRT,300.31,10.66,D,n,0803
8.45003,80.69469,333.35,0.4,0.37,2026-08-24,803,N21,VIIRS,70,2.0NRT,297.47,4.47,D,n,0803
8.47084,80.76562,338.89,0.4,0.37,2026-08-24,803,N21,VIIRS,70,2.0NRT,300.82,3.8,D,n,0803
8.48388,80.64533,331.47,0.4,0.37,2026-08-24,803,N21,VIIRS,70,2.0NRT,297.38,4.1,D,n,0803
8.4878,80.74082,331.49,0.4,0.37,2026-08-24,803,N21,VIIRS,70,2.0NRT,295.96,1.6,D,n,0803
8.50076,80.82803,336.75,0.4,0.37,2026-08-24,803,N21,VIIRS,70,2.0NRT,297.56,5.8,D,n,0803
8.51479,80.82964,344.04,0.4,0.37,2026-08-24,803,N21,VIIRS,70,2.0NRT,296.28,6.05,D,n,0803
8.51818,80.62943,333.28,0.4,0.37,2026-08-24,803,N21,VIIRS,70,2.0NRT,287.89,6.3,D,n,0803
8.52206,80.63253,343.47,0.4,0.37,2026-08-24,803,N21,VIIRS,70,2.0NRT,287.9,10.48,D,n,0803
8.60897,80.53074,331.3,0.4,0.37,2026-08-24,803,N21,VIIRS,70,2.0NRT,301.07,5.39,D,n,0803
8.61641,80.64407,333.28,0.4,0.37,2026-08-24,803,N21,VIIRS,70,2.0NRT,296.62,2.21,D,n,0803
8.61681,81.18475,341.62,0.42,0.37,2026-08-24,803,N21,VIIRS,70,2.0NRT,279.75,6.42,D,n,0803
8.64193,80.81463,334.92,0.4,0.37,2026-08-24,803,N21,VIIRS,70,2.0NRT,298.43,2.44,D,n,0803
8.65625,80.78227,336.92,0.4,0.37,2026-08-24,803,N21,VIIRS,70,2.0NRT,301.02,6.63,D,n,0803
8.71734,80.52864,337.65,0.4,0.37,2026-08-24,803,N21,VIIRS,70,2.0NRT,295.36,4.47,D,n,0803
8.71787,80.53223,336.11,0.4,0.37,2026-08-24,803,N21,VIIRS,70,2.0NRT,295.94,4.47,D,n,0803
8.72069,80.52814,336.87,0.4,0.37,2026-08-24,803,N21,VIIRS,70,2.0NRT,299.01,3.67,D,n,0803
8.72122,80.53173,335.32,0.4,0.37,2026-08-24,803,N21,VIIRS,70,2.0NRT,298.66,3.67,D,n,0803
8.72988,80.2678,346.46,0.39,0.36,2026-08-24,803,N21,VIIRS,70,2.0NRT,301.06,19.8,D,n,0803
8.80171,80.96279,340.01,0.41,0.37,2026-08-24,803,N21,VIIRS,70,2.0NRT,293.65,5.25,D,n,0803
8.81339,80.80691,335.76,0.41,0.37,2026-08-24,803,N21,VIIRS,70,2.0NRT,298.56,10.49,D,n,0803
8.83193,80.54458,334.84,0.4,0.37,2026-08-24,803,N21,VIIRS,70,2.0NRT,296.25,6.74,D,n,0803
8.88547,80.46671,330.65,0.4,0.37,2026-08-24,803,N21,VIIRS,70,2.0NRT,299.19,2.57,D,n,0803
8.88601,80.4703,337.15,0.4,0.37,2026-08-24,803,N21,VIIRS,70,2.0NRT,301.68,2.57,D,n,0803
8.95825,80.77052,337.24,0.41,0.37,2026-08-24,803,N21,VIIRS,70,2.0NRT,297.48,3.49,D,n,0803
9.00148,80.58507,331.49,0.4,0.37,2026-08-24,803,N21,VIIRS,70,2.0NRT,296.75,3.89,D,n,0803
9.04358,78.21024,332.46,0.39,0.36,2026-08-24,803,N21,VIIRS,30,2.0NRT,295.91,3.33,D,l,0803
9.09104,80.3176,334.84,0.4,0.37,2026-08-24,803,N21,VIIRS,70,2.0NRT,299.85,3.85,D,n,0803
9.13551,80.32197,331.92,0.4,0.37,2026-08-24,803,N21,VIIRS,70,2.0NRT,298.47,2.97,D,n,0803
9.13882,78.25266,338.62,0.39,0.36,2026-08-24,803,N21,VIIRS,30,2.0NRT,298.43,6.03,D,l,0803
9.14451,80.51505,334.29,0.4,0.37,2026-08-24,803,N21,VIIRS,70,2.0NRT,301.51,4.08,D,n,0803
9.14653,80.66684,330.72,0.4,0.37,2026-08-24,803,N21,VIIRS,70,2.0NRT,296.95,2.43,D,n,0803
9.41199,80.39674,348.8,0.4,0.37,2026-08-24,803,N21,VIIRS,70,2.0NRT,302.54,15.33,D,n,0803
9.56224,80.35896,340.34,0.4,0.37,2026-08-24,803,N21,VIIRS,70,2.0NRT,301.52,3.19,D,n,0803
9.79062,80.15464,332.38,0.4,0.37,2026-08-24,803,N21,VIIRS,70,2.0NRT,298.82,2.19,D,n,0803
10.44329,79.62807,335.68,0.39,0.36,2026-08-24,803,N21,VIIRS,70,2.0NRT,288.58,3.01,D,n,0803
10.44382,79.63159,332.01,0.39,0.36,2026-08-24,803,N21,VIIRS,70,2.0NRT,288.22,3.01,D,n,0803
10.44661,79.62756,332.75,0.39,0.36,2026-08-24,803,N21,VIIRS,70,2.0NRT,289.12,3.01,D,n,0803
29.08442,88.01238,326.26,0.43,0.62,2026-08-24,629,N21,VIIRS,70,2.0NRT,296.97,3.37,D,n,0629
10.06989,77.25764,295.88,0.35,0.57,2026-08-23,2057,N21,VIIRS,70,2.0NRT,283.55,1.09,N,n,2057
10.07067,77.25338,296.24,0.35,0.57,2026-08-23,2057,N21,VIIRS,70,2.0NRT,284.9,1.7,N,n,2057
11.13734,77.35052,308.69,0.34,0.56,2026-08-23,2057,N21,VIIRS,70,2.0NRT,287.11,1.5,N,n,2057
19.04779,73.11804,307.42,0.44,0.38,2026-08-23,2055,N21,VIIRS,70,2.0NRT,292.09,1.71,N,n,2055
19.04974,73.11978,305.42,0.44,0.38,2026-08-23,2055,N21,VIIRS,70,2.0NRT,292.19,1.5,N,n,2055
19.93539,73.71249,301.45,0.45,0.39,2026-08-23,2055,N21,VIIRS,70,2.0NRT,290.77,0.55,N,n,2055
21.10195,72.64531,303.51,0.4,0.37,2026-08-23,2055,N21,VIIRS,70,2.0NRT,289.49,3.85,N,n,2055
21.10324,72.63761,310.96,0.4,0.37,2026-08-23,2055,N21,VIIRS,70,2.0NRT,291.45,1.31,N,n,2055
21.10388,72.63377,303.36,0.4,0.37,2026-08-23,2055,N21,VIIRS,70,2.0NRT,290.85,1.31,N,n,2055
21.10467,72.6498,306.47,0.4,0.37,2026-08-23,2055,N21,VIIRS,70,2.0NRT,291.48,3.09,N,n,2055
21.10531,72.64595,338.88,0.4,0.37,2026-08-23,2055,N21,VIIRS,70,2.0NRT,293.86,3.85,N,n,2055
21.10596,72.6421,309.75,0.4,0.37,2026-08-23,2055,N21,VIIRS,70,2.0NRT,292.21,3.85,N,n,2055
21.1066,72.63825,305.43,0.4,0.37,2026-08-23,2055,N21,VIIRS,70,2.0NRT,292.27,1.31,N,n,2055
21.10867,72.64659,303.22,0.4,0.37,2026-08-23,2055,N21,VIIRS,70,2.0NRT,290.55,2.23,N,n,2055
23.67958,86.39573,302.14,0.74,0.76,2026-08-23,2055,N21,VIIRS,70,2.0NRT,272.16,4.46,N,n,2055
23.75898,86.39871,299.33,0.74,0.76,2026-08-23,2055,N21,VIIRS,70,2.0NRT,268.99,2.42,N,n,2055
23.76476,86.40518,301.18,0.74,0.76,2026-08-23,2055,N21,VIIRS,70,2.0NRT,267.33,2.22,N,n,2055
23.76575,86.40074,300.08,0.74,0.76,2026-08-23,2055,N21,VIIRS,70,2.0NRT,268.31,2.42,N,n,2055
23.77993,86.34556,297.78,0.73,0.76,2026-08-23,2055,N21,VIIRS,70,2.0NRT,268.37,1.34,N,n,2055
23.7934,86.34972,300.21,0.73,0.76,2026-08-23,2055,N21,VIIRS,70,2.0NRT,269.16,1.44,N,n,2055
23.8,86.32664,300.61,0.73,0.76,2026-08-23,2055,N21,VIIRS,70,2.0NRT,268.36,3.28,N,n,2055
23.80548,86.33092,299.17,0.73,0.76,2026-08-23,2055,N21,VIIRS,70,2.0NRT,268.63,1.82,N,n,2055
24.93355,74.63254,311.44,0.43,0.38,2026-08-23,2055,N21,VIIRS,70,2.0NRT,291.35,1.37,N,n,2055
25.94286,72.19045,307.37,0.38,0.36,2026-08-23,2055,N21,VIIRS,70,2.0NRT,294.51,0.97,N,n,2055
26.25788,74.09489,310.07,0.41,0.37,2026-08-23,2055,N21,VIIRS,70,2.0NRT,292.99,1.23,N,n,2055
26.87672,73.51546,306.5,0.39,0.36,2026-08-23,2055,N21,VIIRS,70,2.0NRT,293.53,1.63,N,n,2055
27.28774,73.83964,308.69,0.4,0.37,2026-08-23,2055,N21,VIIRS,70,2.0NRT,293.64,1.09,N,n,2055
22.57408,70.22664,303.8,0.39,0.36,2026-08-23,2053,N21,VIIRS,70,2.0NRT,292.27,1.72,N,n,2053
23.3138,70.48741,307.62,0.39,0.36,2026-08-23,2053,N21,VIIRS,70,2.0NRT,294.43,1.24,N,n,2053
24.65842,73.87619,309.35,0.41,0.37,2026-08-23,2053,N21,VIIRS,70,2.0NRT,294.33,1.25,N,n,2053
24.68829,73.00064,305.3,0.39,0.36,2026-08-23,2053,N21,VIIRS,70,2.0NRT,292.89,0.98,N,n,2053
24.69098,73.00512,304.11,0.39,0.36,2026-08-23,2053,N21,VIIRS,70,2.0NRT,293.03,0.98,N,n,2053
24.81994,73.09312,315.29,0.39,0.36,2026-08-23,2053,N21,VIIRS,70,2.0NRT,294.73,1.72,N,n,2053
28.42401,69.70156,316.01,0.44,0.39,2026-08-23,2053,N21,VIIRS,70,2.0NRT,295.42,1.74,N,n,2053
29.12311,75.77846,310.56,0.43,0.38,2026-08-23,2053,N21,VIIRS,70,2.0NRT,291.34,2.22,N,n,2053
29.35825,76.95921,307.37,0.48,0.4,2026-08-23,2053,N21,VIIRS,70,2.0NRT,290.96,1.47,N,n,2053
29.45481,76.86952,332.79,0.47,0.4,2026-08-23,2053,N21,VIIRS,70,2.0NRT,292.29,4.23,N,n,2053
29.45843,76.89032,307.74,0.47,0.4,2026-08-23,2053,N21,VIIRS,70,2.0NRT,291.53,0.61,N,n,2053
29.47537,76.8596,306.94,0.47,0.4,2026-08-23,2053,N21,VIIRS,70,2.0NRT,292.43,0.83,N,n,2053
31.2488,76.9297,300.72,0.45,0.39,2026-08-23,2053,N21,VIIRS,70,2.0NRT,290.7,0.38,N,n,2053
31.68094,73.96224,309.5,0.38,0.36,2026-08-23,2053,N21,VIIRS,70,2.0NRT,295.8,0.79,N,n,2053
32.29042,70.74036,308.12,0.44,0.38,2026-08-23,2053,N21,VIIRS,70,2.0NRT,296.05,1.82,N,n,2053
32.57402,72.56029,312.11,0.4,0.37,2026-08-23,2053,N21,VIIRS,70,2.0NRT,295.99,2.26,N,n,2053
32.88802,71.61494,320.14,0.42,0.37,2026-08-23,2053,N21,VIIRS,70,2.0NRT,298.75,3.75,N,n,2053
33.27805,71.33513,311.88,0.43,0.38,2026-08-23,2053,N21,VIIRS,70,2.0NRT,295.89,1.2,N,n,2053
33.54433,71.54929,308.72,0.42,0.38,2026-08-23,2053,N21,VIIRS,70,2.0NRT,296.56,0.98,N,n,2053
33.68779,72.71127,311.57,0.4,0.37,2026-08-23,2053,N21,VIIRS,70,2.0NRT,295.83,1.62,N,n,2053
33.90394,71.91566,308.09,0.42,0.37,2026-08-23,2053,N21,VIIRS,70,2.0NRT,296.28,1.75,N,n,2053
8.3688,81.03394,297.02,0.61,0.71,2026-08-23,1917,N21,VIIRS,70,2.0NRT,263.01,0.77,N,n,1917
22.24316,87.38877,306.4,0.34,0.56,2026-08-23,1913,N21,VIIRS,70,2.0NRT,285.23,1.74,N,n,1913
22.35921,87.01627,303.4,0.36,0.58,2026-08-23,1913,N21,VIIRS,70,2.0NRT,277.71,1.1,N,n,1913
22.36402,87.01662,312.78,0.36,0.58,2026-08-23,1913,N21,VIIRS,70,2.0NRT,278.07,2.27,N,n,1913
22.3645,87.0169,310.71,0.36,0.58,2026-08-23,1913,N21,VIIRS,70,2.0NRT,278.18,1.1,N,n,1913
22.37584,87.28196,305.92,0.35,0.57,2026-08-23,1913,N21,VIIRS,70,2.0NRT,282.73,2.63,N,n,1913
22.37616,87.27859,325.24,0.35,0.57,2026-08-23,1913,N21,VIIRS,70,2.0NRT,283.28,4.3,N,n,1913
23.54908,87.2466,298.31,0.36,0.58,2026-08-23,1913,N21,VIIRS,70,2.0NRT,277.37,1.92,N,n,1913
23.55503,87.2401,311.8,0.36,0.58,2026-08-23,1913,N21,VIIRS,70,2.0NRT,278.82,1.65,N,n,1913
23.56032,87.24065,314.83,0.36,0.58,2026-08-23,1913,N21,VIIRS,70,2.0NRT,279.56,2.5,N,n,1913
23.6107,87.14855,296.84,0.37,0.58,2026-08-23,1913,N21,VIIRS,70,2.0NRT,282.29,2.08,N,n,1913
23.61102,87.14495,296.59,0.37,0.58,2026-08-23,1913,N21,VIIRS,70,2.0NRT,282.12,1.75,N,n,1913
23.67522,86.39812,310.65,0.41,0.61,2026-08-23,1913,N21,VIIRS,70,2.0NRT,282.19,1.89,N,n,1913
23.67615,86.39944,309.56,0.41,0.61,2026-08-23,1913,N21,VIIRS,70,2.0NRT,281.61,1.87,N,n,1913
23.67651,86.39543,302.59,0.41,0.61,2026-08-23,1913,N21,VIIRS,70,2.0NRT,281.37,1.87,N,n,1913
23.68113,86.39481,304.32,0.41,0.61,2026-08-23,1913,N21,VIIRS,70,2.0NRT,281.36,1.89,N,n,1913
23.68209,86.39613,302.18,0.41,0.61,2026-08-23,1913,N21,VIIRS,70,2.0NRT,280.93,1.68,N,n,1913
23.68246,86.39201,301.55,0.41,0.61,2026-08-23,1913,N21,VIIRS,70,2.0NRT,280.19,2.7,N,n,1913
23.71013,86.4509,313.27,0.41,0.61,2026-08-23,1913,N21,VIIRS,70,2.0NRT,280.99,2.59,N,n,1913
23.71256,86.42266,304.64,0.41,0.61,2026-08-23,1913,N21,VIIRS,70,2.0NRT,278.41,1.87,N,n,1913
23.71639,86.44345,302.59,0.41,0.61,2026-08-23,1913,N21,VIIRS,70,2.0NRT,280.95,1.38,N,n,1913
23.72231,86.44004,307.72,0.41,0.61,2026-08-23,1913,N21,VIIRS,70,2.0NRT,280.41,1.38,N,n,1913
23.72372,86.42384,299.81,0.41,0.61,2026-08-23,1913,N21,VIIRS,70,2.0NRT,278.08,1.41,N,n,1913
23.72406,86.41985,301.15,0.41,0.61,2026-08-23,1913,N21,VIIRS,70,2.0NRT,278.41,1.28,N,n,1913
23.73416,86.43314,310.8,0.41,0.61,2026-08-23,1913,N21,VIIRS,70,2.0NRT,280.59,2.99,N,n,1913
23.73451,86.42915,300.72,0.41,0.61,2026-08-23,1913,N21,VIIRS,70,2.0NRT,279.93,1.86,N,n,1913
23.73973,86.43378,308.15,0.41,0.61,2026-08-23,1913,N21,VIIRS,70,2.0NRT,281.62,1.43,N,n,1913
23.75265,86.41494,300.55,0.41,0.61,2026-08-23,1913,N21,VIIRS,70,2.0NRT,280.09,1.31,N,n,1913
23.7541,86.39857,300.5,0.41,0.61,2026-08-23,1913,N21,VIIRS,70,2.0NRT,281.19,1.4,N,n,1913
23.7649,86.40394,305.66,0.41,0.61,2026-08-23,1913,N21,VIIRS,70,2.0NRT,281.22,0.73,N,n,1913
23.76707,86.37955,301.3,0.41,0.61,2026-08-23,1913,N21,VIIRS,70,2.0NRT,282.87,1.8,N,n,1913
23.77716,86.39299,300.96,0.41,0.61,2026-08-23,1913,N21,VIIRS,70,2.0NRT,280.75,1.9,N,n,1913
23.77752,86.38899,314.19,0.41,0.61,2026-08-23,1913,N21,VIIRS,70,2.0NRT,281.5,1.9,N,n,1913
23.7815,86.39215,302.41,0.41,0.61,2026-08-23,1913,N21,VIIRS,70,2.0NRT,282.18,1.27,N,n,1913
23.78184,86.38814,296.29,0.41,0.61,2026-08-23,1913,N21,VIIRS,70,2.0NRT,281.44,1.27,N,n,1913
24.11502,86.86157,301.13,0.39,0.59,2026-08-23,1913,N21,VIIRS,70,2.0NRT,267.96,1.18,N,n,1913
24.11958,86.35051,302.42,0.42,0.61,2026-08-23,1913,N21,VIIRS,70,2.0NRT,282.55,1.21,N,n,1913
27.53554,95.39848,302.84,0.43,0.38,2026-08-23,1913,N21,VIIRS,70,2.0NRT,279.41,0.28,N,n,1913
29.45938,76.8674,332.56,0.5,0.49,2026-08-23,828,N21,VIIRS,70,2.0NRT,293.24,3.56,D,n,0828
29.47683,76.85993,341.77,0.5,0.49,2026-08-23,828,N21,VIIRS,70,2.0NRT,293.84,11.04,D,n,0828
29.5839,71.73937,332.23,0.42,0.38,2026-08-23,828,N21,VIIRS,70,2.0NRT,300.97,2.05,D,n,0828
29.67231,71.77332,336.15,0.42,0.38,2026-08-23,828,N21,VIIRS,70,2.0NRT,298.64,4.17,D,n,0828
30.4898,71.85229,334.3,0.43,0.38,2026-08-23,828,N21,VIIRS,70,2.0NRT,299.53,2.93,D,n,0828
30.56539,72.19032,339.54,0.44,0.39,2026-08-23,828,N21,VIIRS,70,2.0NRT,298.71,4.83,D,n,0828
30.5789,72.26801,338.12,0.45,0.39,2026-08-23,828,N21,VIIRS,70,2.0NRT,298.76,6.69,D,n,0828
31.38597,74.54482,332.51,0.39,0.44,2026-08-23,828,N21,VIIRS,70,2.0NRT,296.87,2.77,D,n,0828
19.36992,71.35565,330.09,0.39,0.36,2026-08-23,826,N21,VIIRS,70,2.0NRT,293.25,2.28,D,n,0826
21.10555,72.64699,341.5,0.39,0.36,2026-08-23,826,N21,VIIRS,70,2.0NRT,294.7,6.06,D,n,0826
22.92903,70.10583,337.17,0.39,0.36,2026-08-23,826,N21,VIIRS,70,2.0NRT,303.9,7.97,D,n,0826
14.26653,79.79261,333.38,0.49,0.49,2026-08-23,824,N21,VIIRS,70,2.0NRT,284.37,2.2,D,n,0824
15.36111,78.60121,337.47,0.43,0.46,2026-08-23,824,N21,VIIRS,70,2.0NRT,292.24,4.05,D,n,0824
16.113,78.21188,331.67,0.41,0.45,2026-08-23,824,N21,VIIRS,70,2.0NRT,288.08,3.53,D,n,0824
8.02749,80.74197,340.54,0.47,0.47,2026-08-23,822,N21,VIIRS,70,2.0NRT,297.2,7.01,D,n,0822
8.07629,80.77386,341.03,0.47,0.48,2026-08-23,822,N21,VIIRS,70,2.0NRT,300.6,26.37,D,n,0822
8.07689,80.77808,333.51,0.47,0.48,2026-08-23,822,N21,VIIRS,70,2.0NRT,296.44,14.89,D,n,0822
8.0778,80.77473,354.42,0.47,0.48,2026-08-23,822,N21,VIIRS,70,2.0NRT,299.72,29.48,D,n,0822
8.13738,81.11739,333.1,0.5,0.49,2026-08-23,822,N21,VIIRS,70,2.0NRT,298.49,4.59,D,n,0822
8.22711,80.59264,330.89,0.46,0.47,2026-08-23,822,N21,VIIRS,70,2.0NRT,296.43,4.76,D,n,0822
8.25354,80.59314,338.55,0.46,0.47,2026-08-23,822,N21,VIIRS,70,2.0NRT,296.13,4.15,D,n,0822
8.25929,81.33698,334.32,0.52,0.5,2026-08-23,822,N21,VIIRS,70,2.0NRT,296.84,3.55,D,n,0822
8.261,81.33814,335.92,0.52,0.5,2026-08-23,822,N21,VIIRS,70,2.0NRT,297.68,5.49,D,n,0822
8.33633,80.63395,331.31,0.46,0.47,2026-08-23,822,N21,VIIRS,70,2.0NRT,293.93,2.08,D,n,0822
8.42474,80.71674,330.69,0.47,0.48,2026-08-23,822,N21,VIIRS,70,2.0NRT,295.56,4.54,D,n,0822
8.42499,77.62149,336.79,0.46,0.39,2026-08-23,822,N21,VIIRS,30,2.0NRT,307.22,8.42,D,l,0822
8.44418,77.65283,338.54,0.46,0.39,2026-08-23,822,N21,VIIRS,30,2.0NRT,309.99,6.03,D,l,0822
8.45109,80.61867,331.16,0.46,0.47,2026-08-23,822,N21,VIIRS,70,2.0NRT,293.38,3.17,D,n,0822
8.45166,80.62283,330.35,0.46,0.47,2026-08-23,822,N21,VIIRS,70,2.0NRT,293.07,3.17,D,n,0822
8.46124,80.65981,331.59,0.47,0.48,2026-08-23,822,N21,VIIRS,70,2.0NRT,294.79,7.09,D,n,0822
8.46468,80.50782,333.1,0.46,0.47,2026-08-23,822,N21,VIIRS,70,2.0NRT,294.81,4.03,D,n,0822
8.4662,80.50702,332.38,0.46,0.47,2026-08-23,822,N21,VIIRS,70,2.0NRT,294.76,4.71,D,n,0822
8.47044,80.168,340.86,0.43,0.46,2026-08-23,822,N21,VIIRS,70,2.0NRT,291.64,3.56,D,n,0822
8.47721,80.67898,342.6,0.47,0.48,2026-08-23,822,N21,VIIRS,70,2.0NRT,296.91,7.18,D,n,0822
8.49822,80.82897,347.03,0.48,0.48,2026-08-23,822,N21,VIIRS,70,2.0NRT,298.26,16.11,D,n,0822
8.50187,80.855,346.58,0.48,0.48,2026-08-23,822,N21,VIIRS,70,2.0NRT,298.14,12.75,D,n,0822
8.51335,80.64053,334.16,0.47,0.48,2026-08-23,822,N21,VIIRS,70,2.0NRT,298.23,3.94,D,n,0822
8.56826,80.59013,343.77,0.46,0.47,2026-08-23,822,N21,VIIRS,70,2.0NRT,298.38,18.89,D,n,0822
8.58375,80.76497,342.52,0.48,0.48,2026-08-23,822,N21,VIIRS,70,2.0NRT,297.52,8.0,D,n,0822
8.60579,80.39751,354.43,0.45,0.47,2026-08-23,822,N21,VIIRS,70,2.0NRT,298.12,21.15,D,n,0822
8.61007,80.39693,341.99,0.45,0.47,2026-08-23,822,N21,VIIRS,70,2.0NRT,297.71,12.44,D,n,0822
8.62115,80.54183,339.87,0.46,0.47,2026-08-23,822,N21,VIIRS,70,2.0NRT,293.33,3.22,D,n,0822
8.62502,80.80076,330.79,0.48,0.48,2026-08-23,822,N21,VIIRS,70,2.0NRT,294.48,3.5,D,n,0822
8.65083,80.40783,347.04,0.45,0.47,2026-08-23,822,N21,VIIRS,70,2.0NRT,296.56,11.94,D,n,0822
8.65221,80.99674,336.23,0.5,0.49,2026-08-23,822,N21,VIIRS,70,2.0NRT,297.1,4.9,D,n,0822
8.68311,80.93121,344.63,0.49,0.49,2026-08-23,822,N21,VIIRS,70,2.0NRT,293.36,3.79,D,n,0822
8.69059,80.75645,338.22,0.48,0.48,2026-08-23,822,N21,VIIRS,70,2.0NRT,295.36,5.01,D,n,0822
8.73368,80.96941,331.42,0.49,0.49,2026-08-23,822,N21,VIIRS,70,2.0NRT,293.67,3.16,D,n,0822
8.73994,77.59967,336.65,0.47,0.39,2026-08-23,822,N21,VIIRS,70,2.0NRT,302.47,3.45,D,n,0822
8.75407,80.1897,338.42,0.44,0.46,2026-08-23,822,N21,VIIRS,70,2.0NRT,297.04,8.47,D,n,0822
8.75457,80.18974,336.38,0.44,0.46,2026-08-23,822,N21,VIIRS,70,2.0NRT,296.23,4.64,D,n,0822
8.81962,80.60944,338.51,0.47,0.48,2026-08-23,822,N21,VIIRS,70,2.0NRT,294.04,3.26,D,n,0822
8.8975,77.86558,347.98,0.48,0.4,2026-08-23,822,N21,VIIRS,70,2.0NRT,302.76,7.04,D,n,0822
8.89992,77.85637,346.67,0.48,0.4,2026-08-23,822,N21,VIIRS,70,2.0NRT,302.13,6.53,D,n,0822
8.90054,77.86071,349.93,0.48,0.4,2026-08-23,822,N21,VIIRS,70,2.0NRT,302.74,7.04,D,n,0822
8.90116,77.86504,342.45,0.48,0.4,2026-08-23,822,N21,VIIRS,70,2.0NRT,302.95,7.04,D,n,0822
8.90358,77.85583,348.69,0.48,0.4,2026-08-23,822,N21,VIIRS,70,2.0NRT,302.48,9.02,D,n,0822
8.90419,77.86017,346.76,0.48,0.4,2026-08-23,822,N21,VIIRS,70,2.0NRT,303.21,3.82,D,n,0822
8.90481,77.86451,338.87,0.48,0.4,2026-08-23,822,N21,VIIRS,70,2.0NRT,303.44,3.82,D,n,0822
8.91342,80.40723,341.33,0.46,0.47,2026-08-23,822,N21,VIIRS,70,2.0NRT,297.16,10.23,D,n,0822
8.91827,80.41072,340.24,0.46,0.47,2026-08-23,822,N21,VIIRS,70,2.0NRT,295.58,5.26,D,n,0822
8.9486,77.96073,336.94,0.49,0.4,2026-08-23,822,N21,VIIRS,70,2.0NRT,303.48,4.0,D,n,0822
8.96568,80.82936,335.05,0.49,0.48,2026-08-23,822,N21,VIIRS,70,2.0NRT,292.68,7.57,D,n,0822
9.193,77.37519,336.48,0.46,0.39,2026-08-23,822,N21,VIIRS,70,2.0NRT,302.74,3.7,D,n,0822
9.2187,77.62897,339.64,0.47,0.4,2026-08-23,822,N21,VIIRS,70,2.0NRT,307.61,10.49,D,n,0822
9.22068,77.46474,338.5,0.46,0.39,2026-08-23,822,N21,VIIRS,70,2.0NRT,307.26,3.71,D,n,0822
9.23661,80.67361,334.78,0.48,0.48,2026-08-23,822,N21,VIIRS,70,2.0NRT,295.78,6.97,D,n,0822
9.2728,77.32723,332.55,0.46,0.39,2026-08-23,822,N21,VIIRS,70,2.0NRT,300.12,3.22,D,n,0822
9.28461,77.43481,335.92,0.46,0.39,2026-08-23,822,N21,VIIRS,70,2.0NRT,303.08,1.94,D,n,0822
9.38935,80.50688,336.56,0.47,0.48,2026-08-23,822,N21,VIIRS,70,2.0NRT,296.58,4.75,D,n,0822
9.4241,80.4375,330.74,0.47,0.47,2026-08-23,822,N21,VIIRS,70,2.0NRT,296.68,6.13,D,n,0822
9.42604,80.43779,337.7,0.47,0.47,2026-08-23,822,N21,VIIRS,70,2.0NRT,296.53,4.79,D,n,0822
9.44357,78.05501,341.41,0.5,0.41,2026-08-23,822,N21,VIIRS,70,2.0NRT,303.99,12.43,D,n,0822
9.89958,77.78525,339.16,0.49,0.4,2026-08-23,822,N21,VIIRS,70,2.0NRT,303.59,13.81,D,n,0822
9.90945,78.20588,336.58,0.52,0.41,2026-08-23,822,N21,VIIRS,70,2.0NRT,302.09,12.59,D,n,0822
9.91635,78.2001,341.27,0.52,0.41,2026-08-23,822,N21,VIIRS,70,2.0NRT,302.38,14.59,D,n,0822
10.10984,77.73901,332.03,0.49,0.4,2026-08-23,822,N21,VIIRS,70,2.0NRT,289.06,3.0,D,n,0822
10.66683,78.1728,335.13,0.52,0.42,2026-08-23,822,N21,VIIRS,70,2.0NRT,300.09,2.35,D,n,0822
11.0347,77.14651,335.06,0.47,0.4,2026-08-23,822,N21,VIIRS,70,2.0NRT,298.72,3.86,D,n,0822
23.74491,96.1406,331.04,0.38,0.36,2026-08-23,646,N21,VIIRS,70,2.0NRT,291.01,2.73,D,n,0646
25.72138,96.65945,333.2,0.39,0.36,2026-08-23,646,N21,VIIRS,70,2.0NRT,294.48,3.05,D,n,0646
27.96467,96.95645,331.24,0.41,0.37,2026-08-23,646,N21,VIIRS,70,2.0NRT,296.94,10.19,D,n,0646
28.08151,95.72957,337.37,0.39,0.36,2026-08-23,646,N21,VIIRS,70,2.0NRT,296.07,3.99,D,n,0646
29.2845,88.90413,327.9,0.4,0.44,2026-08-23,646,N21,VIIRS,70,2.0NRT,295.48,3.07,D,n,0646
29.29527,88.90613,325.65,0.4,0.44,2026-08-23,646,N21,VIIRS,70,2.0NRT,293.89,3.78,D,n,0646
9.62576,77.42727,295.09,0.78,0.78,2026-08-22,2116,N21,VIIRS,70,2.0NRT,280.75,3.12,N,n,2116
21.1023,72.63681,321.2,0.46,0.47,2026-08-22,2114,N21,VIIRS,70,2.0NRT,289.79,3.0,N,n,2114
21.43188,72.97569,307.25,0.47,0.48,2026-08-22,2114,N21,VIIRS,70,2.0NRT,291.64,1.58,N,n,2114
21.43299,72.97752,310.47,0.47,0.48,2026-08-22,2114,N21,VIIRS,70,2.0NRT,291.75,2.15,N,n,2114
23.40824,72.41575,303.37,0.4,0.44,2026-08-22,2114,N21,VIIRS,70,2.0NRT,292.03,0.72,N,n,2114
24.6572,73.87634,304.12,0.47,0.47,2026-08-22,2112,N21,VIIRS,70,2.0NRT,293.14,1.08,N,n,2112
24.66185,74.63312,307.91,0.52,0.5,2026-08-22,2112,N21,VIIRS,70,2.0NRT,292.76,2.01,N,n,2112
24.93308,74.63296,307.26,0.51,0.5,2026-08-22,2112,N21,VIIRS,70,2.0NRT,292.86,1.44,N,n,2112
24.9345,74.6351,305.76,0.51,0.49,2026-08-22,2112,N21,VIIRS,70,2.0NRT,292.62,1.22,N,n,2112
26.25694,74.09481,309.59,0.45,0.47,2026-08-22,2112,N21,VIIRS,70,2.0NRT,293.38,1.3,N,n,2112
28.42303,69.70245,308.54,0.4,0.37,2026-08-22,2112,N21,VIIRS,70,2.0NRT,295.97,1.14,N,n,2112
28.42371,69.6984,310.52,0.4,0.37,2026-08-22,2112,N21,VIIRS,70,2.0NRT,296.41,1.09,N,n,2112
10.0775,77.2383,302.68,0.56,0.69,2026-08-22,1936,N21,VIIRS,70,2.0NRT,288.38,1.41,N,n,1936
10.08148,77.23804,303.41,0.56,0.69,2026-08-22,1936,N21,VIIRS,70,2.0NRT,288.31,1.61,N,n,1936
10.59398,78.44864,308.07,0.47,0.64,2026-08-22,1936,N21,VIIRS,70,2.0NRT,288.38,1.01,N,n,1936
20.86294,84.98755,302.98,0.46,0.47,2026-08-22,1932,N21,VIIRS,70,2.0NRT,277.99,1.6,N,n,1932
20.95187,86.04675,310.45,0.4,0.44,2026-08-22,1932,N21,VIIRS,70,2.0NRT,275.47,2.11,N,n,1932
20.96878,86.01003,321.97,0.4,0.44,2026-08-22,1932,N21,VIIRS,70,2.0NRT,275.97,1.48,N,n,1932
20.97333,86.00673,303.25,0.4,0.44,2026-08-22,1932,N21,VIIRS,70,2.0NRT,276.26,1.48,N,n,1932
22.57158,85.89577,304.16,0.43,0.46,2026-08-22,1932,N21,VIIRS,70,2.0NRT,280.21,1.74,N,n,1932
22.58739,85.90622,295.89,0.43,0.46,2026-08-22,1932,N21,VIIRS,70,2.0NRT,270.98,0.5,N,n,1932
22.79196,86.20944,304.11,0.41,0.45,2026-08-22,1932,N21,VIIRS,70,2.0NRT,279.24,1.56,N,n,1932
22.79656,86.20597,303.93,0.41,0.45,2026-08-22,1932,N21,VIIRS,70,2.0NRT,278.65,1.51,N,n,1932
22.79764,86.09138,299.01,0.42,0.45,2026-08-22,1932,N21,VIIRS,70,2.0NRT,274.78,1.16,N,n,1932
22.87479,86.06349,310.39,0.42,0.45,2026-08-22,1932,N21,VIIRS,70,2.0NRT,278.8,1.19,N,n,1932
23.60728,85.67543,305.11,0.45,0.47,2026-08-22,1932,N21,VIIRS,70,2.0NRT,281.7,1.5,N,n,1932
23.616,86.79124,295.4,0.39,0.44,2026-08-22,1932,N21,VIIRS,70,2.0NRT,268.0,0.82,N,n,1932
23.64755,85.43784,327.96,0.47,0.48,2026-08-22,1932,N21,VIIRS,70,2.0NRT,283.15,5.55,N,n,1932
23.65716,85.50877,305.01,0.47,0.47,2026-08-22,1932,N21,VIIRS,70,2.0NRT,280.24,1.5,N,n,1932
23.66484,84.99831,307.18,0.5,0.49,2026-08-22,1932,N21,VIIRS,70,2.0NRT,279.12,1.88,N,n,1932
23.66648,86.09274,303.66,0.43,0.46,2026-08-22,1932,N21,VIIRS,70,2.0NRT,282.02,1.05,N,n,1932
23.67502,86.40179,305.32,0.41,0.45,2026-08-22,1932,N21,VIIRS,70,2.0NRT,276.58,1.28,N,n,1932
23.67548,86.39777,310.03,0.41,0.45,2026-08-22,1932,N21,VIIRS,70,2.0NRT,277.49,1.28,N,n,1932
23.67586,86.08545,305.7,0.43,0.46,2026-08-22,1932,N21,VIIRS,70,2.0NRT,282.55,1.83,N,n,1932
23.67594,86.39375,300.5,0.41,0.45,2026-08-22,1932,N21,VIIRS,70,2.0NRT,277.19,0.43,N,n,1932
23.67609,86.40195,304.23,0.41,0.45,2026-08-22,1932,N21,VIIRS,70,2.0NRT,275.82,1.76,N,n,1932
23.67658,86.39794,313.83,0.41,0.45,2026-08-22,1932,N21,VIIRS,70,2.0NRT,277.05,1.76,N,n,1932
23.67959,86.3984,306.08,0.41,0.45,2026-08-22,1932,N21,VIIRS,70,2.0NRT,278.54,1.17,N,n,1932
23.68417,86.39498,313.06,0.41,0.45,2026-08-22,1932,N21,VIIRS,70,2.0NRT,280.8,1.83,N,n,1932
23.68464,86.39088,309.15,0.41,0.45,2026-08-22,1932,N21,VIIRS,70,2.0NRT,280.8,1.83,N,n,1932
23.68847,86.08707,304.31,0.43,0.46,2026-08-22,1932,N21,VIIRS,70,2.0NRT,280.98,1.1,N,n,1932
23.71099,86.45187,316.91,0.41,0.45,2026-08-22,1932,N21,VIIRS,70,2.0NRT,282.31,2.74,N,n,1932
23.71429,86.42374,308.97,0.41,0.45,2026-08-22,1932,N21,VIIRS,70,2.0NRT,282.45,2.23,N,n,1932
23.71651,86.44041,305.07,0.41,0.45,2026-08-22,1932,N21,VIIRS,70,2.0NRT,281.79,2.13,N,n,1932
23.71888,86.42031,306.78,0.41,0.45,2026-08-22,1932,N21,VIIRS,70,2.0NRT,282.13,1.36,N,n,1932
23.72299,86.42089,307.0,0.41,0.45,2026-08-22,1932,N21,VIIRS,70,2.0NRT,283.06,1.36,N,n,1932
23.72473,86.44157,305.43,0.41,0.45,2026-08-22,1932,N21,VIIRS,70,2.0NRT,282.04,1.93,N,n,1932
23.73342,86.43871,304.54,0.41,0.45,2026-08-22,1932,N21,VIIRS,70,2.0NRT,282.81,1.14,N,n,1932
23.73438,86.43067,304.46,0.41,0.45,2026-08-22,1932,N21,VIIRS,70,2.0NRT,281.98,1.76,N,n,1932
23.73801,86.43526,321.21,0.41,0.45,2026-08-22,1932,N21,VIIRS,70,2.0NRT,282.21,1.76,N,n,1932
23.73849,86.43127,305.03,0.41,0.45,2026-08-22,1932,N21,VIIRS,70,2.0NRT,281.43,1.76,N,n,1932
23.75273,86.41698,310.47,0.41,0.45,2026-08-22,1932,N21,VIIRS,70,2.0NRT,282.96,1.62,N,n,1932
23.75422,85.85241,313.16,0.45,0.47,2026-08-22,1932,N21,VIIRS,70,2.0NRT,283.22,1.81,N,n,1932
23.75516,86.39672,306.59,0.41,0.45,2026-08-22,1932,N21,VIIRS,70,2.0NRT,283.74,2.24,N,n,1932
23.7583,86.40547,308.8,0.41,0.45,2026-08-22,1932,N21,VIIRS,70,2.0NRT,283.33,1.76,N,n,1932
23.75879,86.40139,311.84,0.41,0.45,2026-08-22,1932,N21,VIIRS,70,2.0NRT,283.66,1.76,N,n,1932
23.76242,86.40607,310.94,0.41,0.45,2026-08-22,1932,N21,VIIRS,70,2.0NRT,283.46,1.81,N,n,1932
23.76291,86.40199,314.31,0.41,0.45,2026-08-22,1932,N21,VIIRS,70,2.0NRT,283.6,1.81,N,n,1932
23.76388,86.39387,307.45,0.41,0.45,2026-08-22,1932,N21,VIIRS,70,2.0NRT,284.08,3.06,N,n,1932
23.76654,86.40663,314.25,0.41,0.45,2026-08-22,1932,N21,VIIRS,70,2.0NRT,283.42,1.81,N,n,1932
23.76703,86.40255,317.39,0.41,0.45,2026-08-22,1932,N21,VIIRS,70,2.0NRT,283.71,1.81,N,n,1932
23.7714,86.36617,305.57,0.41,0.45,2026-08-22,1932,N21,VIIRS,70,2.0NRT,283.03,0.79,N,n,1932
23.77189,86.36209,303.78,0.42,0.45,2026-08-22,1932,N21,VIIRS,70,2.0NRT,282.53,0.79,N,n,1932
23.7721,85.99903,295.9,0.44,0.46,2026-08-22,1932,N21,VIIRS,70,2.0NRT,272.08,0.33,N,n,1932
23.77553,86.36674,306.45,0.41,0.45,2026-08-22,1932,N21,VIIRS,70,2.0NRT,282.87,1.14,N,n,1932
23.77603,86.36266,307.98,0.42,0.45,2026-08-22,1932,N21,VIIRS,70,2.0NRT,282.62,1.14,N,n,1932
23.77673,86.39163,304.84,0.41,0.45,2026-08-22,1932,N21,VIIRS,70,2.0NRT,283.2,2.26,N,n,1932
23.7768,85.99547,299.36,0.44,0.46,2026-08-22,1932,N21,VIIRS,70,2.0NRT,276.54,0.83,N,n,1932
23.77721,86.38763,321.98,0.41,0.45,2026-08-22,1932,N21,VIIRS,70,2.0NRT,283.63,2.26,N,n,1932
23.77748,86.20891,307.56,0.42,0.45,2026-08-22,1932,N21,VIIRS,70,2.0NRT,283.22,1.8,N,n,1932
23.77917,86.37136,304.31,0.41,0.45,2026-08-22,1932,N21,VIIRS,70,2.0NRT,282.56,1.09,N,n,1932
23.77953,86.39101,321.81,0.41,0.45,2026-08-22,1932,N21,VIIRS,70,2.0NRT,283.06,2.34,N,n,1932
23.77999,86.38698,305.25,0.41,0.45,2026-08-22,1932,N21,VIIRS,70,2.0NRT,282.07,2.34,N,n,1932
23.78085,86.39223,312.07,0.41,0.45,2026-08-22,1932,N21,VIIRS,70,2.0NRT,283.04,1.36,N,n,1932
23.78133,86.38822,307.36,0.41,0.45,2026-08-22,1932,N21,VIIRS,70,2.0NRT,282.54,1.36,N,n,1932
23.78165,86.20951,308.3,0.42,0.45,2026-08-22,1932,N21,VIIRS,70,2.0NRT,283.19,1.8,N,n,1932
23.79657,86.35204,321.86,0.42,0.45,2026-08-22,1932,N21,VIIRS,70,2.0NRT,283.16,4.0,N,n,1932
23.80303,86.33231,315.43,0.42,0.45,2026-08-22,1932,N21,VIIRS,70,2.0NRT,283.14,2.69,N,n,1932
23.8035,86.32822,322.66,0.42,0.45,2026-08-22,1932,N21,VIIRS,70,2.0NRT,283.66,2.73,N,n,1932
23.80397,86.32408,318.77,0.42,0.45,2026-08-22,1932,N21,VIIRS,70,2.0NRT,283.04,2.73,N,n,1932
23.82208,84.5723,300.45,0.54,0.51,2026-08-22,1932,N21,VIIRS,70,2.0NRT,271.34,1.33,N,n,1932
24.11378,86.86015,315.62,0.39,0.44,2026-08-22,1932,N21,VIIRS,70,2.0NRT,282.24,2.06,N,n,1932
24.12137,86.86515,302.81,0.39,0.44,2026-08-22,1932,N21,VIIRS,70,2.0NRT,281.78,0.37,N,n,1932
25.54005,91.23735,298.55,0.4,0.37,2026-08-22,1932,N21,VIIRS,70,2.0NRT,280.35,0.48,N,n,1932
27.46791,95.42184,303.96,0.42,0.37,2026-08-22,1930,N21,VIIRS,70,2.0NRT,277.22,0.75,N,n,1930
27.90663,95.66188,307.39,0.42,0.38,2026-08-22,1930,N21,VIIRS,70,2.0NRT,292.62,3.67,N,n,1930
35.98925,94.83195,309.28,0.39,0.36,2026-08-22,1928,N21,VIIRS,70,2.0NRT,281.23,0.78,N,n,1928
30.61837,72.14405,336.82,0.52,0.5,2026-08-22,848,N21,VIIRS,70,2.0NRT,297.25,4.16,D,n,0848
32.09447,73.06223,331.72,0.61,0.54,2026-08-22,848,N21,VIIRS,70,2.0NRT,295.9,5.63,D,n,0848
33.5894,70.22384,330.35,0.44,0.46,2026-08-22,848,N21,VIIRS,30,2.0NRT,304.14,2.27,D,l,0848
25.53649,68.67298,335.61,0.45,0.39,2026-08-22,845,N21,VIIRS,70,2.0NRT,300.13,3.95,D,n,0845
26.07884,68.40137,330.08,0.44,0.38,2026-08-22,845,N21,VIIRS,30,2.0NRT,300.9,2.21,D,l,0845
26.0946,68.87896,333.28,0.46,0.39,2026-08-22,845,N21,VIIRS,30,2.0NRT,304.26,3.77,D,l,0845
27.43514,70.78793,340.31,0.4,0.44,2026-08-22,845,N21,VIIRS,70,2.0NRT,305.64,3.19,D,n,0845
29.45525,76.87004,329.19,0.49,0.65,2026-08-22,845,N21,VIIRS,70,2.0NRT,292.01,9.06,D,n,0845
29.45762,76.86265,329.18,0.49,0.65,2026-08-22,845,N21,VIIRS,70,2.0NRT,292.79,12.13,D,n,0845
29.45792,76.86768,352.46,0.49,0.65,2026-08-22,845,N21,VIIRS,70,2.0NRT,292.96,24.83,D,n,0845
29.45823,76.87273,350.27,0.49,0.65,2026-08-22,845,N21,VIIRS,70,2.0NRT,291.98,24.83,D,n,0845
29.7016,68.52327,338.43,0.48,0.4,2026-08-22,845,N21,VIIRS,70,2.0NRT,308.94,2.33,D,n,0845
29.89989,72.12016,338.87,0.51,0.49,2026-08-22,845,N21,VIIRS,70,2.0NRT,300.04,7.01,D,n,0845
30.00757,73.11374,330.4,0.58,0.52,2026-08-22,845,N21,VIIRS,70,2.0NRT,298.5,4.83,D,n,0845
30.16776,73.22854,339.5,0.6,0.53,2026-08-22,845,N21,VIIRS,70,2.0NRT,298.72,3.82,D,n,0845
21.10395,72.64455,338.21,0.43,0.46,2026-08-22,843,N21,VIIRS,70,2.0NRT,290.65,5.3,D,n,0843
9.2724,77.87881,331.47,0.33,0.55,2026-08-22,841,N21,VIIRS,70,2.0NRT,272.12,2.79,D,n,0841
9.42338,78.84542,336.06,0.38,0.59,2026-08-22,841,N21,VIIRS,70,2.0NRT,295.17,3.0,D,n,0841
9.45034,78.84183,352.32,0.38,0.59,2026-08-22,841,N21,VIIRS,70,2.0NRT,298.5,5.93,D,n,0841
8.05551,80.34129,335.09,0.47,0.64,2026-08-22,839,N21,VIIRS,70,2.0NRT,283.89,7.29,D,n,0839
8.06663,81.23905,335.24,0.54,0.68,2026-08-22,839,N21,VIIRS,70,2.0NRT,279.87,7.58,D,n,0839
8.06715,81.23733,331.04,0.54,0.68,2026-08-22,839,N21,VIIRS,70,2.0NRT,279.42,8.98,D,n,0839
8.07282,81.23824,350.84,0.54,0.68,2026-08-22,839,N21,VIIRS,70,2.0NRT,280.91,7.58,D,n,0839
8.20706,81.06178,343.86,0.53,0.67,2026-08-22,839,N21,VIIRS,70,2.0NRT,287.44,8.36,D,n,0839
8.37776,80.44932,340.17,0.48,0.65,2026-08-22,839,N21,VIIRS,70,2.0NRT,291.03,6.34,D,n,0839
8.45154,80.61895,329.76,0.49,0.65,2026-08-22,839,N21,VIIRS,70,2.0NRT,292.38,3.42,D,n,0839
8.45845,80.7865,332.49,0.51,0.66,2026-08-22,839,N21,VIIRS,70,2.0NRT,293.38,4.04,D,n,0839
8.51637,80.55676,353.27,0.49,0.65,2026-08-22,839,N21,VIIRS,70,2.0NRT,292.62,10.44,D,n,0839
8.5197,80.55456,347.16,0.49,0.65,2026-08-22,839,N21,VIIRS,70,2.0NRT,291.75,11.14,D,n,0839
9.18167,78.42713,335.64,0.36,0.57,2026-08-22,839,N21,VIIRS,70,2.0NRT,295.68,1.39,D,n,0839
35.77931,71.34283,367.0,0.73,0.76,2026-08-22,707,N21,VIIRS,95,2.0NRT,304.68,30.81,D,h,0707
35.78063,71.341,367.0,0.73,0.76,2026-08-22,707,N21,VIIRS,95,2.0NRT,304.06,18.94,D,h,0707
35.78179,71.34469,349.24,0.73,0.76,2026-08-22,707,N21,VIIRS,70,2.0NRT,304.57,18.94,D,n,0707
27.1462,88.45207,340.92,0.41,0.37,2026-08-22,705,N21,VIIRS,70,2.0NRT,295.38,5.8,D,n,0705
29.30614,88.91681,334.44,0.39,0.36,2026-08-22,705,N21,VIIRS,70,2.0NRT,296.22,4.39,D,n,0705
29.45838,76.86343,367.0,0.53,0.67,2026-08-22,705,N21,VIIRS,95,2.0NRT,291.86,44.95,D,h,0705
29.45864,76.85911,330.26,0.53,0.67,2026-08-22,705,N21,VIIRS,70,2.0NRT,290.01,30.37,D,n,0705
29.46,76.86426,367.0,0.53,0.67,2026-08-22,705,N21,VIIRS,95,2.0NRT,290.49,52.02,D,h,0705
22.37667,87.27975,338.08,0.53,0.42,2026-08-22,703,N21,VIIRS,70,2.0NRT,293.11,8.72,D,n,0703
22.37735,87.28273,330.92,0.53,0.42,2026-08-22,703,N21,VIIRS,70,2.0NRT,293.4,9.32,D,n,0703
23.64585,85.43987,332.83,0.42,0.46,2026-08-22,703,N21,VIIRS,70,2.0NRT,289.32,8.73,D,n,0703
23.66378,87.15511,333.81,0.51,0.41,2026-08-22,703,N21,VIIRS,70,2.0NRT,295.92,6.29,D,n,0703
23.66538,87.15651,332.25,0.51,0.41,2026-08-22,703,N21,VIIRS,70,2.0NRT,296.03,4.52,D,n,0703
23.67692,86.3983,332.68,0.56,0.43,2026-08-22,703,N21,VIIRS,70,2.0NRT,294.29,7.84,D,n,0703
25.20672,96.44746,340.53,0.39,0.44,2026-08-22,703,N21,VIIRS,70,2.0NRT,294.88,4.54,D,n,0703
8.06793,81.2382,340.73,0.79,0.78,2026-08-22,659,N21,VIIRS,70,2.0NRT,287.24,13.42,D,n,0659
8.07135,81.24017,342.54,0.8,0.78,2026-08-22,659,N21,VIIRS,70,2.0NRT,287.1,13.12,D,n,0659
